{"cameraMode":{"drawMode":0,"name":"Shaded","section":"Shading Mode"},"sceneLighting":true,"audioPlay":false,"sceneViewState":{"m_AlwaysRefresh":false,"showFog":true,"showSkybox":true,"showFlares":true,"showImageEffects":true,"showParticleSystems":true,"showVisualEffectGraphs":true,"m_FxEnabled":true},"in2DMode":false,"pivot":{"x":-20.72972869873047,"y":1.9839038848876954,"z":22.341726303100587},"rotation":{"x":0.16606876254081727,"y":-0.022655822336673738,"z":0.0028884895145893099,"w":0.9862031936645508},"size":9.046600341796875,"orthographic":false}