{"cameraMode":{"drawMode":0,"name":"Shaded","section":"Shading Mode"},"sceneLighting":true,"audioPlay":false,"sceneViewState":{"m_AlwaysRefresh":false,"showFog":true,"showSkybox":true,"showFlares":true,"showImageEffects":true,"showParticleSystems":true,"showVisualEffectGraphs":true,"m_FxEnabled":true},"in2DMode":false,"pivot":{"x":-0.22596591711044312,"y":-0.9556128978729248,"z":16.05187225341797},"rotation":{"x":0.07942159473896027,"y":0.08692191541194916,"z":-0.006951385177671909,"w":0.9930222630500794},"size":9.046600341796875,"orthographic":false}